{"ai0": [-9.53951e-05, 0.0007828029689493966], "ai1": [8.21088e-05, 0.0005761615885865354], "ai2": [-7.92639999999999e-06, 0.00048109626436196735], "ai3": [-3.5512700000000017e-05, 0.0005589369521141986], "port0/line5": [0.0, 0.0], "port0/line4": [0.0, 0.0], "port0/line0": [0.0, 0.0]}