{"ai0": [0.00023172230000000004, 0.0009253368181277074], "ai1": [-0.0008093722, 0.0007630010119699449], "ai2": [-1.541959999999999e-05, 0.0006158274150570434], "ai3": [4.5413e-05, 0.0007634260096636739], "port0/line5": [0.0, 0.0], "port0/line4": [0.0, 0.0], "port0/line0": [0.0, 0.0]}