{"ai0": [0.00013927229999999998, 0.0008318300929593194], "ai1": [0.0002966397, 0.000529715675890293], "ai2": [-3.195359999999999e-05, 0.0006101917213852053], "ai3": [-1.139300000000013e-06, 0.0006833594273115064], "port0/line5": [0.0, 0.0], "port0/line4": [0.0, 0.0], "port0/line0": [0.0, 0.0]}