{"ai0": [9.868599999999999e-06, 0.0007304425574499613], "ai1": [0.0003628458, 0.0005619561089821517], "ai2": [-3.9302599999999985e-05, 0.0004112177109916838], "ai3": [1.1570099999999986e-05, 0.0005322410665159069], "port0/line5": [0.0, 0.0], "port0/line4": [0.0, 0.0], "port0/line0": [0.0, 0.0]}