{"ai0": [0.000127012, 0.00041997626296732534], "ai1": [0.0007446846, 0.0005135552133148295], "ai2": [-4.2422099999999995e-05, 0.0004330887596458606], "ai3": [4.252419999999998e-05, 0.0005161975835030226], "port0/line5": [0.0, 0.0], "port0/line4": [0.0, 0.0], "port0/line0": [0.0, 0.0]}